{"cameraMode":{"drawMode":0,"name":"Shaded","section":"Shading Mode"},"sceneLighting":true,"audioPlay":false,"sceneViewState":{"m_AlwaysRefresh":false,"showFog":true,"showSkybox":true,"showFlares":true,"showImageEffects":true,"showParticleSystems":true,"showVisualEffectGraphs":true,"m_FxEnabled":true},"in2DMode":false,"pivot":{"x":24.720415115356447,"y":19.259620666503908,"z":5.959136962890625},"rotation":{"x":0.08179916441440582,"y":-0.013454420492053032,"z":0.0011044335551559926,"w":0.9965581893920898},"size":12.12435531616211,"orthographic":false}